{"cameraMode":{"drawMode":0,"name":"Shaded","section":"Shading Mode"},"sceneLighting":true,"audioPlay":false,"sceneViewState":{"showFog":true,"showMaterialUpdate":false,"showSkybox":true,"showFlares":true,"showImageEffects":true,"showParticleSystems":true},"in2DMode":false,"pivot":{"x":0.5298292636871338,"y":-1.223287582397461,"z":-0.5614569187164307},"rotation":{"x":0.13903529942035676,"y":0.8439200520515442,"z":-0.26272907853126528,"w":0.4465981423854828},"size":2.948357105255127,"orthographic":false}